<?xml version="1.0" encoding="utf-8"?>
<layer-list xmlns:android="http://schemas.android.com/apk/res/android" xmlns:app="http://schemas.android.com/apk/res-auto">
    <item>
        <shape android:shape="rectangle">
            <solid android:color="#1a1a1a"/>
        </shape>
    </item>
    <item android:left="-2dp" android:right="-2dp" android:bottom="-2dp">
        <shape>
            <solid android:color="@android:color/transparent"/>
            <stroke android:width="1dp" android:color="#b3b3b3"/>
        </shape>
    </item>
</layer-list>
